dataset,latitude_half_width,start_year,end_year,variable,slope_C_per_decade,ci_low,ci_high,n_years,block_years,bootstrap_draws,r_squared
ERSSTv5,3,1950,2025,west,0.1566381199,0.1337671938,0.1788840011,76,5,5000,0.7721689352
ERSSTv5,3,1950,2025,east,0.0807728139,0.0278457540,0.1348560788,76,5,5000,0.0645653717
ERSSTv5,3,1950,2025,gradient,0.0758653060,0.0153757674,0.1386264991,76,3,5000,0.0561201929
ERSSTv5,3,1950,2025,gradient,0.0758653060,0.0221157446,0.1280720033,76,5,5000,0.0561201929
ERSSTv5,3,1950,2025,gradient,0.0758653060,0.0261415747,0.1268018946,76,7,5000,0.0561201929
ERSSTv5,3,1979,2025,west,0.1839992969,0.1394565084,0.2263128481,47,5,5000,0.6450905560
ERSSTv5,3,1979,2025,east,0.0005128958,-0.1041750075,0.1067222152,47,5,5000,0.0000010632
ERSSTv5,3,1979,2025,gradient,0.1834864011,0.0597918678,0.3103779852,47,3,5000,0.1140683588
ERSSTv5,3,1979,2025,gradient,0.1834864011,0.0814003613,0.2787640049,47,5,5000,0.1140683588
ERSSTv5,3,1979,2025,gradient,0.1834864011,0.0922819540,0.2728590473,47,7,5000,0.1140683588
ERSSTv5,3,1993,2025,west,0.2181549565,0.1430462073,0.2948161691,33,5,5000,0.5207331839
ERSSTv5,3,1993,2025,east,0.0140795506,-0.1810855000,0.2120262941,33,5,5000,0.0004190302
ERSSTv5,3,1993,2025,gradient,0.2040754058,0.0154949920,0.3976246416,33,3,5000,0.0800927990
ERSSTv5,3,1993,2025,gradient,0.2040754058,0.0283377556,0.3783659189,33,5,5000,0.0800927990
ERSSTv5,3,1993,2025,gradient,0.2040754058,0.0501817456,0.3443312917,33,7,5000,0.0800927990
ERSSTv5,3,2000,2025,west,0.1865867048,0.0887950139,0.2874916223,26,5,5000,0.3853260985
ERSSTv5,3,2000,2025,east,0.0700725455,-0.2051959932,0.3322463345,26,5,5000,0.0074952573
ERSSTv5,3,2000,2025,gradient,0.1165141593,-0.1588847056,0.3817600734,26,3,5000,0.0231067382
ERSSTv5,3,2000,2025,gradient,0.1165141593,-0.1169914392,0.3548997209,26,5,5000,0.0231067382
ERSSTv5,3,2000,2025,gradient,0.1165141593,-0.0958482108,0.3220699582,26,7,5000,0.0231067382
ERSSTv5,5,1950,2025,west,0.1554143428,0.1332182647,0.1768044079,76,5,5000,0.7827337104
ERSSTv5,5,1950,2025,east,0.0814796216,0.0315514762,0.1328921445,76,5,5000,0.0763331105
ERSSTv5,5,1950,2025,gradient,0.0739347212,0.0150299597,0.1344853094,76,3,5000,0.0599267857
ERSSTv5,5,1950,2025,gradient,0.0739347212,0.0214091301,0.1252082935,76,5,5000,0.0599267857
ERSSTv5,5,1950,2025,gradient,0.0739347212,0.0238249319,0.1245799978,76,7,5000,0.0599267857
ERSSTv5,5,1979,2025,west,0.1867240649,0.1443604173,0.2264899192,47,5,5000,0.6725392360
ERSSTv5,5,1979,2025,east,0.0041313713,-0.0929401014,0.1023420345,47,5,5000,0.0000823947
ERSSTv5,5,1979,2025,gradient,0.1825926936,0.0641363577,0.3036910970,47,3,5000,0.1270032086
ERSSTv5,5,1979,2025,gradient,0.1825926936,0.0832296189,0.2753030144,47,5,5000,0.1270032086
ERSSTv5,5,1979,2025,gradient,0.1825926936,0.0939534035,0.2703771997,47,7,5000,0.1270032086
ERSSTv5,5,1993,2025,west,0.2214547254,0.1529238539,0.2906444436,33,5,5000,0.5566696781
ERSSTv5,5,1993,2025,east,0.0164319239,-0.1662189582,0.2006732400,33,5,5000,0.0006809224
ERSSTv5,5,1993,2025,gradient,0.2050228015,0.0231636175,0.3894524491,33,3,5000,0.0914214205
ERSSTv5,5,1993,2025,gradient,0.2050228015,0.0365853682,0.3735819213,33,5,5000,0.0914214205
ERSSTv5,5,1993,2025,gradient,0.2050228015,0.0519855574,0.3420464577,33,7,5000,0.0914214205
ERSSTv5,5,2000,2025,west,0.1866824364,0.0978167392,0.2776496842,26,5,5000,0.4280761260
ERSSTv5,5,2000,2025,east,0.0790063057,-0.1797913412,0.3238276363,26,5,5000,0.0112418954
ERSSTv5,5,2000,2025,gradient,0.1076761306,-0.1510160672,0.3623816444,26,3,5000,0.0227174295
ERSSTv5,5,2000,2025,gradient,0.1076761306,-0.1143920877,0.3403426830,26,5,5000,0.0227174295
ERSSTv5,5,2000,2025,gradient,0.1076761306,-0.0985751098,0.3073053387,26,7,5000,0.0227174295
COBE-SST2,3,1950,2025,west,0.1339330563,0.1043325667,0.1637880219,76,5,5000,0.6638367580
COBE-SST2,3,1950,2025,east,0.0582762198,0.0046051592,0.1116032359,76,5,5000,0.0333922869
COBE-SST2,3,1950,2025,gradient,0.0756568365,0.0150515373,0.1381181794,76,3,5000,0.0545567504
COBE-SST2,3,1950,2025,gradient,0.0756568365,0.0208074848,0.1297788607,76,5,5000,0.0545567504
COBE-SST2,3,1950,2025,gradient,0.0756568365,0.0239835631,0.1279573695,76,7,5000,0.0545567504
COBE-SST2,3,1979,2025,west,0.1858418292,0.1387796615,0.2305133038,47,5,5000,0.6092917505
COBE-SST2,3,1979,2025,east,0.0014724594,-0.1073959921,0.1103006203,47,5,5000,0.0000081135
COBE-SST2,3,1979,2025,gradient,0.1843693698,0.0591283372,0.3138571981,47,3,5000,0.1123206128
COBE-SST2,3,1979,2025,gradient,0.1843693698,0.0842007581,0.2807829179,47,5,5000,0.1123206128
COBE-SST2,3,1979,2025,gradient,0.1843693698,0.0953732929,0.2721133009,47,7,5000,0.1123206128
COBE-SST2,3,1993,2025,west,0.2092536160,0.1237379758,0.2959829279,33,5,5000,0.4543153108
COBE-SST2,3,1993,2025,east,0.0049453377,-0.2042358749,0.2067312423,33,5,5000,0.0000478354
COBE-SST2,3,1993,2025,gradient,0.2043082783,0.0131765043,0.4010149589,33,3,5000,0.0758994188
COBE-SST2,3,1993,2025,gradient,0.2043082783,0.0323215904,0.3839340987,33,5,5000,0.0758994188
COBE-SST2,3,1993,2025,gradient,0.2043082783,0.0471469430,0.3527164925,33,7,5000,0.0758994188
COBE-SST2,3,2000,2025,west,0.1738537743,0.0589481265,0.2891271384,26,5,5000,0.3081634523
COBE-SST2,3,2000,2025,east,0.0377548118,-0.2595697416,0.3199707233,26,5,5000,0.0020180811
COBE-SST2,3,2000,2025,gradient,0.1360989625,-0.1426983684,0.4048678285,26,3,5000,0.0284426925
COBE-SST2,3,2000,2025,gradient,0.1360989625,-0.1132338310,0.3869067408,26,5,5000,0.0284426925
COBE-SST2,3,2000,2025,gradient,0.1360989625,-0.0929257954,0.3570657167,26,7,5000,0.0284426925
COBE-SST2,5,1950,2025,west,0.1310306487,0.1030052828,0.1588865823,76,5,5000,0.6814410911
COBE-SST2,5,1950,2025,east,0.0676194140,0.0180487535,0.1177588263,76,5,5000,0.0544246934
COBE-SST2,5,1950,2025,gradient,0.0634112346,0.0054172318,0.1238611544,76,3,5000,0.0453047937
COBE-SST2,5,1950,2025,gradient,0.0634112346,0.0111663260,0.1147511928,76,5,5000,0.0453047937
COBE-SST2,5,1950,2025,gradient,0.0634112346,0.0125540189,0.1140721333,76,7,5000,0.0453047937
COBE-SST2,5,1979,2025,west,0.1861875945,0.1454471351,0.2251251593,47,5,5000,0.6587885677
COBE-SST2,5,1979,2025,east,0.0147667229,-0.0851185664,0.1147780564,47,5,5000,0.0010241828
COBE-SST2,5,1979,2025,gradient,0.1714208716,0.0548547389,0.2932414597,47,3,5000,0.1150934343
COBE-SST2,5,1979,2025,gradient,0.1714208716,0.0755193766,0.2621227088,47,5,5000,0.1150934343
COBE-SST2,5,1979,2025,gradient,0.1714208716,0.0861178435,0.2548883434,47,7,5000,0.1150934343
COBE-SST2,5,1993,2025,west,0.2091496909,0.1365847877,0.2815463529,33,5,5000,0.5079907845
COBE-SST2,5,1993,2025,east,0.0176589845,-0.1756242334,0.2079888621,33,5,5000,0.0007575900
COBE-SST2,5,1993,2025,gradient,0.1914907065,0.0081881556,0.3783191794,33,3,5000,0.0788825799
COBE-SST2,5,1993,2025,gradient,0.1914907065,0.0274651231,0.3627309117,33,5,5000,0.0788825799
COBE-SST2,5,1993,2025,gradient,0.1914907065,0.0403016998,0.3312724799,33,7,5000,0.0788825799
COBE-SST2,5,2000,2025,west,0.1785942470,0.0779695788,0.2792334102,26,5,5000,0.3747794208
COBE-SST2,5,2000,2025,east,0.0706563294,-0.2086322244,0.3339063608,26,5,5000,0.0085907890
COBE-SST2,5,2000,2025,gradient,0.1079379177,-0.1516353120,0.3627680213,26,3,5000,0.0215604089
COBE-SST2,5,2000,2025,gradient,0.1079379177,-0.1210410260,0.3464136694,26,5,5000,0.0215604089
COBE-SST2,5,2000,2025,gradient,0.1079379177,-0.1057834114,0.3136476744,26,7,5000,0.0215604089
